color,source,target
grey,bullfinch,peregrine
grey,peregrine,glide
grey,peregrine,young
grey,peregrine,fascinated
grey,peregrine,heard
grey,peregrine,swooped
grey,peregrine,falcon
grey,peregrine,sable
grey,peregrine,circled
grey,peregrine,stubble
grey,peregrine,field
grey,peregrine,flew
grey,peregrine,observed
grey,peregrine,gliding
grey,peregrine,often
grey,peregrine,flame
grey,peregrine,sear
grey,peregrine,rose
grey,peregrine,stooped
grey,peregrine,circling
grey,peregrine,bird
grey,peregrine,shook
grey,peregrine,ago
grey,peregrine,learnt
grey,peregrine,autumn
grey,peregrine,come
grey,peregrine,mobbed
grey,peregrine,beat
grey,peregrine,rising
grey,peregrine,following
grey,peregrine,godwit
grey,peregrine,darting
grey,peregrine,gone
grey,peregrine,diving
grey,peregrine,arrived
grey,peregrine,two
grey,peregrine,tiercel
grey,peregrine,gave
grey,peregrine,true
grey,peregrine,first
grey,peregrine,ringing
grey,peregrine,saw
grey,peregrine,lashing
grey,peregrine,beyond
grey,peregrine,watched
grey,peregrine,knew
grey,peregrine,flying
grey,peregrine,realised
grey,peregrine,screeching
grey,peregrine,chased
grey,peregrine,distance
grey,peregrine,turned
grey,peregrine,ring
grey,peregrine,call
grey,peregrine,20th
grey,peregrine,hovered
grey,peregrine,plover
grey,peregrine,came
grey,peregrine,mimicked
grey,peregrine,perfectly
grey,peregrine,kestrel
grey,peregrine,arrive
grey,peregrine,far
grey,peregrine,flickered
grey,peregrine,a
grey,peregrine,went
grey,peregrine,followed
grey,peregrine,water
grey,peregrine,drifted
grey,peregrine,sat
grey,peregrine,river
grey,peregrine,left
grey,peregrine,killed
grey,peregrine,sank
grey,peregrine,put
grey,peregrine,restless
grey,peregrine,clearing
grey,peregrine,several
grey,peregrine,kill
grey,peregrine,later
grey,peregrine,spend
grey,peregrine,six
grey,peregrine,disappeared
grey,peregrine,dashed
grey,peregrine,rook
grey,peregrine,eaten
grey,peregrine,wandered
grey,peregrine,expected
grey,peregrine,hunt
grey,peregrine,curve
grey,peregrine,scything
grey,peregrine,hunched
grey,peregrine,away
grey,peregrine,make
grey,peregrine,exciting
grey,peregrine,near
grey,peregrine,moving
grey,peregrine,north
grey,peregrine,shone
grey,peregrine,west
grey,peregrine,starred
grey,peregrine,24th
grey,peregrine,soared
grey,peregrine,hovering
grey,peregrine,difficult
grey,peregrine,21st
grey,peregrine,may
grey,peregrine,surprising
grey,peregrine,oclock
grey,peregrine,standing
grey,peregrine,huge
grey,peregrine,midday
grey,peregrine,shadow
grey,peregrine,crouching
grey,peregrine,1st
grey,peregrine,watching
grey,peregrine,suddenly
grey,peregrine,hedge
grey,peregrine,would
grey,peregrine,glided
grey,peregrine,attack
grey,peregrine,morning
grey,peregrine,east
grey,peregrine,quarter
grey,peregrine,returned
grey,peregrine,wild
grey,peregrine,love
grey,peregrine,seen
grey,peregrine,line
grey,peregrine,passed
grey,peregrine,began
grey,peregrine,swung
grey,peregrine,see
grey,peregrine,though
grey,peregrine,grew
grey,peregrine,resting
grey,peregrine,thinking
grey,peregrine,dynasty
grey,peregrine,deserted
grey,peregrine,remember
grey,peregrine,winter
grey,peregrine,heraldic
grey,peregrine,flowed
grey,peregrine,dusk
grey,peregrine,find
grey,peregrine,dived
grey,peregrine,kept
grey,peregrine,faster
grey,peregrine,perched
grey,peregrine,looking
grey,peregrine,sombre
grey,peregrine,safe
grey,peregrine,still
grey,peregrine,stopped
grey,peregrine,hurled
grey,peregrine,three
grey,peregrine,descended
grey,peregrine,recently
grey,peregrine,plucked
grey,peregrine,prey
grey,peregrine,landed
grey,peregrine,found
grey,peregrine,mark
grey,peregrine,mixed
grey,peregrine,place
grey,peregrine,stood
grey,peregrine,under-weight
grey,peregrine,searching
grey,peregrine,sitting
grey,peregrine,usual
grey,peregrine,startled
grey,peregrine,best
grey,peregrine,need
grey,peregrine,hissed
grey,peregrine,across
grey,peregrine,return
grey,peregrine,hunting
grey,peregrine,glinted
grey,peregrine,turn
grey,peregrine,closed
grey,peregrine,bush
grey,peregrine,foot
grey,peregrine,moulting
grey,peregrine,seem
grey,peregrine,time
grey,peregrine,day
grey,peregrine,flash
grey,peregrine,unerringly
grey,peregrine,select
grey,peregrine,spring
grey,peregrine,cloudless
grey,peregrine,struck
grey,peregrine,contained
grey,peregrine,sixteen
grey,peregrine,obscured
grey,peregrine,second
grey,peregrine,woodpigeons
grey,peregrine,stoop
grey,peregrine,loosed
grey,peregrine,hawk
grey,peregrine,winged
grey,peregrine,nipped
grey,peregrine,bill
grey,peregrine,reminded
grey,peregrine,breaking
grey,peregrine,tree
grey,peregrine,appear
grey,peregrine,faced
grey,peregrine,lifted
grey,peregrine,appeared
grey,peregrine,golden-coloured
grey,peregrine,made
grey,peregrine,last
grey,peregrine,search
grey,peregrine,fed
grey,face,hawk
grey,hawk,water
grey,hawk,fly
grey,hawk,know
grey,hawk,soaring
grey,hawk,come
grey,hawk,released
grey,hawk,swept
grey,hawk,flew
grey,hawk,wing
grey,hawk,down-bent
grey,hawk,ended
grey,hawk,veered
grey,hawk,dust-bathing
grey,hawk,disturbed
grey,hawk,a
grey,hawk,got
grey,hawk,chatter
grey,hawk,shape
grey,hawk,would
grey,hawk,yellow
grey,hawk,gleamed
grey,hawk,hide
grey,hawk,rose
grey,hawk,hidden
grey,hawk,chase
grey,hawk,away
grey,hawk,foot
grey,hawk,hill
grey,hawk,slowed
grey,hawk,back
grey,hawk,gone
grey,hawk,tormented
grey,hawk,towards
grey,hawk,expected
grey,hawk,drop
grey,hawk,easily
grey,hawk,glided
grey,hawk,minute
grey,hawk,began
grey,hawk,swerved
grey,hawk,plumage
grey,hawk,watched
grey,hawk,blackbird
grey,hawk,retreated
grey,hawk,stopped
grey,hawk,dropped
grey,hawk,turned
grey,hawk,still
grey,hawk,followed
grey,hawk,along
grey,hawk,put
grey,hawk,way
grey,hawk,believe
grey,hawk,saw
grey,hawk,field
grey,hawk,powerful
grey,hawk,drew
grey,hawk,see
grey,hawk,frightening
grey,hawk,chased
grey,hawk,found
grey,hawk,hour
grey,hawk,path
grey,hawk,feed
grey,hawk,move
grey,hawk,roused
grey,hawk,stream
grey,hawk,crashed
grey,hawk,snipe
grey,hawk,stood
grey,hawk,skirmishing
grey,hawk,time
grey,hawk,tired
grey,hawk,oclock
grey,hawk,become
grey,hawk,kill
grey,hawk,merged
grey,hawk,ran
grey,hawk,plunged
grey,hawk,another
grey,hawk,seemed
grey,hawk,cleared
grey,hawk,east
grey,hawk,seeking
grey,hawk,wood
grey,hawk,fear
grey,hawk,could
grey,hawk,attacked
grey,hawk,estuary
grey,hawk,alighted
grey,hawk,dark
grey,hawk,flushed
grey,hawk,post
grey,hawk,left
grey,hawk,nipped
grey,hawk,bill
grey,hawk,last
grey,hawk,higher
grey,hawk,flight
grey,hawk,seems
grey,hawk,seen
grey,hawk,cobby-looking
grey,hawk,swung
grey,hawk,speck
grey,hawk,faded
grey,hawk,lost
grey,hawk,among
grey,hawk,roosting
grey,hawk,listen
grey,hawk,near
grey,hawk,instead
grey,hawk,hungry
grey,hawk,ring
grey,hawk,mounted
grey,hawk,meaning
grey,hawk,sighted
grey,hawk,second
grey,hawk,beneath
grey,hawk,flying
grey,hawk,branch
grey,hawk,day
grey,hawk,mantling
grey,hawk,movement
grey,hawk,find
grey,hawk,reluctant
grey,hawk,north
grey,hawk,slowly
grey,hawk,subsided
grey,hawk,within
grey,hawk,meant
grey,hawk,gritty
grey,hawk,colour
grey,hawk,flare
grey,hawk,greasy
grey,hawk,may
grey,hawk,yard
grey,hawk,without
grey,hawk,perch
grey,hawk,stop
grey,hawk,immediately
grey,hawk,length
grey,hawk,wheeled
grey,hawk,rushed
grey,hawk,thing
grey,hawk,circled
grey,hawk,sharp
grey,hawk,watching
grey,hawk,tangent
grey,hawk,drifted
grey,hawk,later
grey,hawk,boredom
grey,hawk,bathed
grey,hawk,glowed
grey,hawk,broad-winged
grey,hawk,falcon
grey,hawk,angle
grey,hawk,climbed
grey,hawk,follow
grey,hawk,woodpigeons
grey,hawk,cattle
grey,hawk,puff
grey,hawk,deadly
grey,hawk,tree
grey,hawk,looked
grey,hawk,sure
grey,hawk,share
grey,hawk,suddenly
grey,hawk,warring
grey,hawk,hope
grey,hawk,thin
grey,hawk,blade
grey,hawk,waver
grey,hawk,land
grey,hawk,gleam
grey,hawk,hears
grey,hawk,pull
grey,hawk,poised
grey,hawk,migration
grey,hawk,risen
grey,hawk,head
grey,hawk,unstiffened
grey,hawk,combat
grey,hawk,cruel
grey,hawk,sky
grey,hawk,tore
grey,hawk,tree-tops
grey,hawk,weaved
grey,hawk,faster
grey,hawk,agile
grey,hawk,perched
grey,hawk,eye
grey,hawk,specie
grey,hawk,breast
grey,hawk,pale
grey,hawk,causing
grey,hawk,veer
grey,hawk,pursue
grey,hawk,easy
grey,hawk,limp
grey,hawk,jinked
grey,hawk,flickering
grey,hawk,pounced
grey,hawk,like
grey,hawk,swooping
grey,hawk,startling
grey,hawk,prey
grey,hawk,must
grey,hawk,became
grey,hawk,whole
grey,hawk,needle
grey,hawk,beak
grey,hawk,resting
grey,hawk,tip
grey,hawk,end
grey,hawk,tail
grey,hawk,bone
grey,hawk,finished
grey,hawk,drive
grey,hawk,pad
grey,hawk,toe
grey,hawk,assuming
grey,hawk,soared
grey,hawk,looking
grey,hawk,land-locked
grey,hawk,sun
grey,hawk,ignored
grey,hawk,enough
grey,hawk,soar
grey,hawk,high
grey,hawk,safe
grey,hawk,cut
grey,hawk,prism
grey,hawk,mind
grey,hawk,heard
grey,hawk,sleep
grey,hawk,wild
grey,hawk,fluttering
grey,hawk,thought
grey,hawk,though
grey,hawk,searching
grey,hawk,long
grey,hawk,torment
grey,hawk,winged
grey,hawk,quick
grey,hawk,flaming
grey,hawk,finch
grey,hawk,slept
grey,hawk,amber
grey,hawk,large
grey,hawk,rippled
grey,hawk,hooked
grey,hawk,keen-bladed
grey,hawk,side
grey,hawk,twig
grey,hawk,occasionally
grey,hawk,place
grey,hawk,hovered
grey,hawk,part
grey,hawk,crippled
grey,hawk,perhaps
grey,hawk,kept
grey,hawk,passed
grey,hawk,dive
grey,hawk,plunge
grey,hawk,footprint
grey,hawk,trampled
grey,hawk,thirty
grey,hawk,threshing
grey,hawk,patient
grey,hawk,lowered
grey,hawk,shone
grey,hawk,whenever
grey,hawk,four
grey,hawk,envied
grey,hawk,boundless
grey,hawk,live
grey,hawk,attack
grey,hawk,mistaken
grey,hawk,unhappy-looking
grey,hawk,spread
grey,hawk,bird
grey,hawk,hoping
grey,hawk,till
grey,hawk,toiled
grey,hawk,downwards
grey,hawk,stooped
grey,hawk,slanted
grey,hawk,came
grey,hawk,sight
grey,hawk,crackling
grey,hawk,quiet
grey,hawk,departs
grey,hawk,think
grey,hawk,softly
grey,hawk,listening
grey,hawk,relation
grey,hawk,five
grey,hawk,darkness
